,token,freq
0,people,2230
1,covid,1503
2,like,1417
3,still,1249
4,cases,1188
5,vaccinated,1165
6,get,1159
7,go,1107
8,one,991
9,even,961
10,time,888
11,us,853
12,need,842
13,think,828
14,back,824
15,singapore,822
16,also,810
17,going,767
18,open,731
19,government,698
20,many,679
21,would,678
22,see,676
23,vaccination,667
24,know,626
25,want,601
26,well,600
27,really,598
28,virus,595
29,take,593
30,good,593
31,restrictions,591
32,already,562
33,home,546
34,everyone,524
35,year,522
36,say,508
37,make,506
38,u,503
39,country,488
40,much,488
41,better,483
42,work,478
43,got,465
44,close,454
45,cb,453
46,day,451
47,point,445
48,let,439
49,measures,436
50,new,435
51,last,430
52,vaccine,424
53,lockdown,421
54,right,420
55,keep,417
56,countries,415
57,come,407
58,way,394
59,ktv,382
60,risk,381
61,please,381
62,never,381
63,stay,377
64,said,373
65,govt,372
66,since,370
67,long,368
68,end,362
69,can,349
70,not,349
71,next,347
72,safe,345
73,high,343
74,n,343
75,endemic,341
76,case,340
77,stop,337
78,first,336
79,dine,334
80,world,331
81,yet,328
82,fully,326
83,sg,325
84,spread,325
85,sure,317
86,may,316
87,population,314
88,phase,311
89,b,311
90,life,308
91,rate,308
92,situation,304
93,getting,303
94,school,299
95,lol,297
96,hope,297
97,weeks,296
98,care,293
99,live,290
100,icu,289
101,na,287
102,another,285
103,must,283
104,numbers,281
105,give,280
106,every,280
107,look,278
108,f,278
109,done,277
110,enough,276
111,mask,272
112,kids,271
113,group,263
114,workers,261
115,infected,261
116,wait,257
117,days,256
118,could,255
119,health,255
120,public,255
121,years,253
122,least,251
123,number,251
124,thing,251
125,fucking,250
126,coming,250
127,without,250
128,yes,250
129,family,249
130,around,249
131,vaccines,247
132,plan,247
133,always,242
134,mean,239
135,ppl,238
136,something,238
137,months,236
138,things,235
139,full,234
140,week,231
141,children,231
142,place,229
143,start,229
144,two,226
145,community,225
146,healthcare,224
147,hospital,224
148,gov,223
149,actually,223
150,feel,223
151,etc,220
152,pandemic,219
153,die,219
154,cluster,218
155,use,216
156,dining,216
157,rules,215
158,hard,214
159,bad,213
160,control,212
161,gon,212
162,lot,211
163,borders,209
164,thanks,209
165,yeah,209
166,unvaccinated,207
167,might,207
168,nothing,206
169,opening,205
170,whole,205
171,singaporeans,203
172,probably,203
173,best,203
174,fuck,201
175,help,201
176,instead,200
177,maybe,200
178,social,199
179,continue,199
180,shit,198
181,understand,198
182,variant,198
183,travel,197
184,month,195
185,different,194
186,allowed,193
187,india,190
188,big,190
189,working,188
190,person,187
191,system,187
192,someone,187
193,rates,186
194,happen,185
195,g,185
196,though,185
197,old,184
198,soon,184
199,pay,183
200,job,183
201,together,182
202,eat,182
203,dont,180
204,less,179
205,thank,179
206,test,179
207,move,179
208,seems,177
209,due,177
210,allow,176
211,deaths,176
212,normal,175
213,current,174
214,daily,173
215,force,171
216,business,170
217,pap,170
218,lah,170
219,part,170
220,tell,170
221,parents,170
222,la,169
223,low,169
224,ok,168
225,economy,168
226,able,167
227,stupid,167
228,made,167
229,wfh,166
230,per,166
231,put,166
232,lives,165
233,circuit,165
234,means,164
235,guess,164
236,saying,163
237,ask,163
238,uk,162
239,citizens,162
240,decision,162
241,breaker,162
242,everything,161
243,pax,161
244,till,160
245,wrong,159
246,medical,159
247,delta,159
248,money,158
249,bring,158
250,sense,157
251,news,156
252,making,155
253,ah,155
254,problem,155
255,hbl,155
256,death,154
257,else,153
258,raya,153
259,given,153
260,infection,153
261,living,152
262,blame,151
263,especially,150
264,masks,150
265,closed,149
266,students,149
267,change,148
268,schools,148
269,small,148
270,zero,147
271,thought,147
272,hospitals,147
273,away,146
274,forward,146
275,groups,145
276,far,145
277,agree,145
278,beds,144
279,others,143
280,suffer,142
281,man,141
282,businesses,141
283,cause,140
284,anything,140
285,ago,139
286,friends,138
287,moh,138
288,pls,138
289,rest,137
290,higher,134
291,mrt,134
292,later,133
293,liao,132
294,k,132
295,lock,131
296,fact,131
297,show,131
298,today,130
299,half,130
300,worse,130
301,sorry,130
302,almost,129
303,times,129
304,task,129
305,oh,128
306,quite,128
307,minister,128
308,anyone,127
309,increase,127
310,sick,127
311,rather,126
312,elderly,126
313,border,125
314,leave,125
315,food,125
316,dose,125
317,reason,124
318,vaccinate,124
319,guys,124
320,trying,123
321,went,123
322,past,123
323,taking,123
324,matter,123
325,makes,123
326,believe,123
327,needs,123
328,ones,122
329,r,122
330,hit,120
331,bus,120
332,possible,120
333,pm,119
334,local,119
335,pretty,119
336,office,118
337,happy,118
338,either,117
339,wonder,116
340,ever,116
341,waiting,116
342,based,116
343,wong,115
344,flu,115
345,try,115
346,wear,115
347,ministers,115
348,support,115
349,reopening,115
350,call,114
351,anyway,114
352,gym,114
353,remember,114
354,capacity,113
355,places,113
356,period,112
357,become,112
358,data,112
359,likely,112
360,issue,112
361,mtf,112
362,testing,112
363,goes,112
364,level,111
365,term,111
366,seriously,111
367,clear,111
368,young,111
369,check,110
370,staff,110
371,patients,110
372,follow,109
373,immunity,109
374,majority,109
375,transport,108
376,free,107
377,choice,107
378,singaporean,107
379,serious,107
380,non,106
381,earlier,106
382,foreign,105
383,transmission,105
384,question,105
385,protect,104
386,definitely,104
387,clusters,104
388,ha,104
389,expect,103
390,real,103
391,hawker,103
392,ndp,103
393,hari,102
394,idea,102
395,talk,102
396,positive,101
397,cos,101
398,affected,100
399,distancing,100
400,exactly,100
401,forever,100
402,happened,100
403,vax,100
404,started,99
405,unless,99
406,step,99
407,literally,99
408,mmtf,99
409,oyk,99
410,important,98
411,e,98
412,fine,98
413,outside,98
414,june,97
415,reduce,97
416,whether,97
417,chance,96
418,within,96
419,great,96
420,prevent,95
421,vulnerable,95
422,little,95
423,gathering,95
424,find,95
425,course,94
426,read,94
427,kind,94
428,p,94
429,light,94
430,true,93
431,thinking,93
432,mental,93
433,allowing,92
434,comment,92
435,symptoms,92
436,nation,92
437,restaurants,92
438,whatever,91
439,honestly,91
440,early,91
441,wants,91
442,looking,91
443,contact,91
444,seem,91
445,came,90
446,import,90
447,seen,90
448,left,90
449,talking,90
450,despite,90
451,longer,89
452,wan,89
453,spreading,89
454,face,89
455,single,89
456,imported,89
457,finally,89
458,anymore,88
459,asking,88
460,effective,88
461,gone,87
462,shut,87
463,tighten,87
464,bit,87
465,pass,87
466,entire,87
467,china,87
468,million,87
469,lack,87
470,quarantine,86
471,late,86
472,outbreak,86
473,turn,86
474,learn,86
475,extend,86
476,policy,85
477,infections,85
478,reddit,85
479,run,85
480,mind,84
481,lawrence,84
482,happens,84
483,totally,84
484,using,84
485,play,84
486,jab,84
487,seniors,84
488,vote,83
489,future,83
490,vaccinations,83
491,age,83
492,damn,83
493,pre,83
494,used,83
495,selfish,83
496,freedom,83
497,told,82
498,visit,82
499,buy,82
500,easy,82
501,cant,82
502,gets,81
503,fault,81
504,certain,81
505,post,81
506,vaxxed,81
507,tired,81
508,price,80
509,restriction,80
510,happening,80
511,completely,80
512,sad,80
513,disease,80
514,difference,80
515,election,80
516,second,79
517,spike,79
518,joke,79
519,surprised,79
520,wish,79
521,gyms,78
522,however,78
523,return,78
524,table,78
525,love,78
526,prata,78
527,absolutely,77
528,lockdowns,77
529,plus,77
530,expected,77
531,st,77
532,tunnel,77
533,centres,77
534,nobody,76
535,th,75
536,everyday,75
537,comes,75
538,worry,75
539,top,75
540,called,75
541,comments,75
542,paid,75
543,safety,75
544,leaders,74
545,limit,74
546,online,74
547,seeing,74
548,wearing,74
549,poor,74
550,cut,74
551,otherwise,74
552,worst,74
553,lost,73
554,ban,73
555,jobs,73
556,decisions,73
557,words,73
558,order,73
559,society,73
560,complain,72
561,common,72
562,trust,72
563,crowded,72
564,strategy,72
565,short,71
566,act,71
567,foreigners,71
568,eating,71
569,booster,71
570,took,70
571,state,70
572,currently,70
573,flip,70
574,activities,70
575,malaysia,70
576,fast,70
577,anti,70
578,ktvs,70
579,party,69
580,companies,69
581,friend,69
582,nd,69
583,taken,69
584,essential,68
585,approach,68
586,alert,68
587,deal,68
588,lee,68
589,implement,68
590,cost,67
591,suffering,67
592,mandate,67
593,god,67
594,forget,67
595,nice,67
596,airport,67
597,fear,67
598,giving,67
599,importing,66
600,slow,66
601,example,65
602,house,65
603,clearly,65
604,eventually,65
605,alone,65
606,compared,65
607,hours,65
608,consider,65
609,needed,64
610,visitors,64
611,super,64
612,fair,64
613,reach,64
614,status,64
615,dying,64
616,lw,64
617,study,64
618,similar,64
619,side,64
620,name,64
621,save,64
622,towards,64
623,hold,64
624,tt,63
625,bubble,63
626,indian,63
627,lead,63
628,construction,63
629,buses,63
630,hand,63
631,idiots,63
632,hear,63
633,shot,63
634,dun,63
635,saw,62
636,huge,62
637,ridiculous,62
638,rise,62
639,hell,62
640,looks,62
641,opinion,62
642,human,62
643,knows,62
644,haha,62
645,result,62
646,area,62
647,variants,62
648,imagine,62
649,choose,62
650,wave,62
651,team,62
652,among,62
653,mild,62
654,necessary,62
655,taskforce,62
656,article,61
657,wanted,61
658,asymptomatic,61
659,following,61
660,closing,61
661,perhaps,61
662,opened,61
663,basically,61
664,folks,61
665,ministry,61
666,household,61
667,heightened,61
668,takes,60
669,herd,60
670,australia,60
671,overseas,60
672,sit,60
673,im,60
674,self,60
675,air,60
676,line,60
677,difficult,60
678,says,60
679,plans,59
680,reasons,59
681,roadmap,59
682,feels,59
683,accept,59
684,quickly,59
685,drop,59
686,stage,59
687,rule,59
688,including,59
689,leh,58
690,action,58
691,simply,58
692,class,58
693,telling,58
694,lower,58
695,evidence,58
696,ya,58
697,break,58
698,stuck,57
699,round,57
700,responsible,57
701,afford,57
702,industry,57
703,reopen,57
704,doses,57
705,considered,57
706,severe,57
707,measure,57
708,set,57
709,moment,56
710,national,56
711,clowns,56
712,restrict,56
713,healthy,56
714,handle,56
715,restaurant,56
716,hawkers,56
717,double,56
718,israel,56
719,simple,55
720,starting,55
721,useless,55
722,lose,55
723,families,55
724,supposed,55
725,hopefully,55
726,works,55
727,ur,55
728,malls,55
729,mandatory,55
730,planning,55
731,game,55
732,catch,55
733,owners,55
734,treat,55
735,vtl,55
736,personal,54
737,letting,54
738,properly,54
739,paying,54
740,management,54
741,mr,54
742,logic,54
743,willing,54
744,moving,54
745,tested,54
746,younger,54
747,general,54
748,sia,53
749,mentioned,53
750,strain,53
751,negative,53
752,avoid,53
753,link,53
754,company,53
755,send,53
756,members,53
757,issues,53
758,policies,53
759,large,53
760,refuse,53
761,classes,53
762,taxi,53
763,goal,53
764,art,53
765,mostly,52
766,near,52
767,faster,52
768,impact,52
769,fucked,51
770,holidays,51
771,cny,51
772,power,51
773,night,51
774,remain,51
775,default,51
776,risks,51
777,bro,51
778,feeling,51
779,decided,51
780,except,51
781,extremely,51
782,strong,51
783,playing,51
784,bunch,51
785,boomers,51
786,solution,50
787,eh,50
788,private,50
789,amount,50
790,highly,50
791,terms,50
792,july,50
793,wtf,50
794,consequences,50
795,response,50
796,mention,50
797,ahead,50
798,word,50
799,source,50
800,thousands,50
801,wow,50
802,europe,50
803,mistakes,49
804,infectious,49
805,immediately,49
806,easily,49
807,okay,49
808,personally,49
809,heart,49
810,experts,49
811,scared,49
812,concern,49
813,market,49
814,kena,49
815,ground,49
816,keeping,49
817,ong,49
818,actions,49
819,obviously,48
820,enjoy,48
821,recent,48
822,crowd,48
823,indeed,48
824,lim,48
825,push,48
826,increasing,48
827,tuition,48
828,total,48
829,listen,48
830,shopping,48
831,recovery,48
832,locals,47
833,message,47
834,previous,47
835,highest,47
836,impossible,47
837,lmao,47
838,shows,47
839,tan,47
840,police,47
841,millions,47
842,cancel,47
843,hey,47
844,outlets,47
845,app,46
846,press,46
847,tightening,46
848,gather,46
849,size,46
850,stuff,46
851,voted,46
852,lots,46
853,conditions,46
854,meanwhile,46
855,view,46
856,services,46
857,shops,46
858,sinovac,46
859,fishery,46
860,crazy,45
861,worker,45
862,proper,45
863,luck,45
864,head,45
865,music,45
866,train,45
867,unlinked,45
868,irresponsible,45
869,learning,45
870,drivers,45
871,changes,44
872,areas,44
873,affect,44
874,exercise,44
875,behind,44
876,effect,44
877,economic,44
878,recently,44
879,mass,44
880,flights,44
881,lor,44
882,nonsense,44
883,decide,44
884,everywhere,44
885,worth,44
886,weekend,44
887,required,44
888,knowing,44
889,kid,44
890,hoping,44
891,date,44
892,individuals,44
893,sounds,44
894,authorities,43
895,sucks,43
896,obvious,43
897,boss,43
898,main,43
899,tomorrow,43
900,lucky,43
901,ensure,43
902,responsibility,43
903,yesterday,43
904,changing,43
905,enter,43
906,shots,43
907,science,43
908,car,43
909,vs,43
910,resources,43
911,couple,43
912,meaning,43
913,ta,42
914,mess,42
915,apparently,42
916,problems,42
917,sigh,42
918,doubt,42
919,prepare,42
920,announced,42
921,meet,42
922,effects,42
923,bed,42
924,staying,42
925,none,42
926,carry,42
927,results,42
928,strict,42
929,running,42
930,apply,42
931,paper,42
932,increased,42
933,whats,42
934,max,42
935,abt,42
936,ill,42
937,exit,42
938,persons,42
939,coffee,42
940,hv,42
941,kept,41
942,gatherings,41
943,older,41
944,holiday,41
945,experience,41
946,front,41
947,ready,41
948,yea,41
949,pro,41
950,heard,41
951,correct,41
952,died,41
953,survive,41
954,suddenly,41
955,ccs,41
956,major,41
957,failed,41
958,answer,41
959,centre,41
960,moe,41
961,germany,41
962,citizen,40
963,smart,40
964,report,40
965,fly,40
966,extra,40
967,shn,40
968,complete,40
969,enforce,40
970,base,40
971,regardless,40
972,count,40
973,x,40
974,putting,40
975,thread,40
976,road,40
977,stick,40
978,waste,40
979,announcement,40
980,walk,40
981,leaving,40
982,add,40
983,brain,40
984,shop,40
985,city,40
986,celebrate,39
987,outdoor,39
988,achieve,39
989,leadership,39
990,thats,39
991,panic,39
992,nz,39
993,steps,39
994,protected,39
995,alot,39
996,mistake,39
997,efforts,39
998,manage,39
999,aug,39
