orig,new
cb,
CB,
Cb,
ya,yes
YA,YES
Ya,Yes
yea,yes
YEA,yes
Yea,Yes
ye,yes
Ye,yes
YE,YES
ur,your
UR,your
u,you
U,YOU
yr,year
im ,I'm
IM ,I'm
ang moh,Caucasians
Ang Moh,Caucasians
sia suay,disgraceful
Sia Suay,Disgraceful
Sia suay,disgraceful
SIA SUAY,DISGRACEFUL
gov,government
govt,government
Gov,government
Govt,Government
gov't,government
Gov't,Government
ktv,karaoke
KTV,karaoke
kTV,karaoke
ktvs,karaoke
KTVs,karaoke
Ktvs,karaoke
ppl,people
sg,Singapore
SG,Singapore
mrt,subway
MRT,subway
Mrt,subway
icu,hospital
ICU,hospital
pls,please
PLS,please
WFH,Work From Home
wfh,Work From Home
Wfh,Work From Home
hbl,Home-Based Learning
HBL,Home-Based Learning
Hbl,Home-Based Learning
PM,Prime Minister
pm,Prime Minister
Pm ,Prime Minister
MTF,Ministry Task Force
mtf,Ministry Task Force
Mtf,Ministry Task Force
mmtf,Multi-Ministry Task Force
MMTF,Multi-Ministry Task Force
Mmtf,Multi-Ministry Task Force
oyk,Ong Ye Kung
OYK,Ong Ye Kung
Oyk,Ong Ye Kung
Vax,vaccine
vax,vaccine
VAX,vaccine
VAXX,Vaccination
Vaxx,Vaccination
vaxx,Vaccination
vaxxed,vaccinated
unvaxx,unvaccinated
unvaxxed,unvaccinated
antivaxxers,people against vaccination
kena,get
MOE,Ministry of Education
moe,Ministry of Education
Moe,Ministry of Education
cny,Chinese New Year
CNY,Chinese New Year
Cny,Chinese New Year
lw,Lawrence Wong
Lw,Lawrence Wong
LW,Lawrence Wong
hv,have
CECA,Comprehensive Economic Cooperation Agreement
ceca,Comprehensive Economic Cooperation Agreement
Ceca,Comprehensive Economic Cooperation Agreement
abt,about
TTSH,Tan Tock Seng Hospital
ttsh,Tan Tock Seng Hospital
Ttsh,Tan Tock Seng Hospital
gahmen,government
GAHMEN,government
Gahmen,government
vtl,Vaccinated Travel Lane
VTL,Vaccinated Travel Lane
shn,Stay Home Notice
SHN,Stay Home Notice
fnb,Food & Beverage
FNB,Food & Beverage
ntuc,supermarket
NTUC,supermarket
kana sai,like shit
KANA SAI,LIKE SHIT
jan,January
Jan,January
feb,February
Feb,February
mar,March
Mar,March
apr,April
Apr,April
jun,June
Jun,June
jul,July
Jul,July
aug,August
Aug,August
sep,September
Sep,September
oct,October
Oct,October
nov,November
Nov,November
Dec,December
CCS,Chan Chun Sing
ccs,Chan Chun Sing
ite,Institute of Technical Education
ITE,Institute of Technical Education
MOM,Ministry of Manpower
hdb,Housing Development Board
HDB,Housing Development Board
hk,Hong Kong
HK,Hong Kong
nz,New Zealand
NZ,New Zealand
PRs,Permanent Residents
SARS,Severe Acute Respiratory Syndrome
sars,Severe Acute Respiratory Syndrome
alr,already
tbh,to be honest
TBH,To be honest
gg,oh no
GG,oh no
bto,Build-to-Order Housing
BTO,Build-to-Order Housing
siong,tough
uni,university
Uni,University
GP,doctor
gp,doctor
shld,should
moh,ministry of health
MOH,Ministry of Health
pax,people
PAP,People's Action Party
pap,People's Action Party
gon ,going to
dun,don't
ippt,Physical Test
IPPT,Physical Test
Ippt,Physical Test
wp,Workers' Party
WP,Workers' Party
ICA,Immigrations and Checkpoints Authority
ica,Immigrations and Checkpoints Authority
haiz,sigh
Haiz,Sigh
HAIZ,SIGH
hais,sigh
Hais,Sigh
jialat,seriously bad
JIALAT,SERIOUSLY BAD
Jialat,Seriously bad
imo,in my opinion
IMO,in my opinion
pr,permanent residents
PR,Permanent Residents
esp,especially
ESP,ESPECIALLY
fb,Facebook
FB,Facebook
PCR,Polymerase Chain Reaction Test
pcr,Polymerase Chain Reaction Test
sian,tiresome
Sian,Tiresome
SIAN,TIRESOME
heng,fortunately
HENG,FORTUNATELY
Heng ,Fortunately
yup,yes
YUP,YES
NS,National Service
ns,national service
kpkb ,complain a lot
KPKB ,complain a lot
Kpkb ,complain a lot
tabao,takeaway
dabao,takeaway
Dabao,takeaway
DABAO,TAKEAWAY
eg,for example
tis  ,this
TIS,THIS
garmen,government
GARMEN,government
Garmen ,government
shd,should
SHD,SHOULD
phv,Private Hire Vehicle
PHV,Private Hire Vehicle
idk,I don't know
IDK,I DON'T KNOW
SME,Small and Medium Enterprises
SMEs,Small and Medium Enterprises
sme,Small and Medium Enterprises
smes,Small and Medium Enterprises
fk,fuck
FK,FUCK
Fk,Fuck
mth,month
bcos,because
BCOS,BECAUSE
bruh ,brother
BRUH ,BROTHER
Bruh ,Brother
sabo,sabotage
SABO,SABOTAGE
jus,just
JUS,JUST
ccb ,fuck
CCB ,FUCK
Ccb ,Fuck
mp,Minister of Parliament
MP,Minister of Parliament
lta,Land Transport Authority
LTA,Land Transport Authority
knn,fuck
KNN,FUCK
Knn,Fuck
knnb,fuck
KNNB,FUCK
Knnb,Fuck
KNNBCCB,FUCK
knnbccb,fuck
Knnbccb,Fuck
jibai,fuck
diam,shut up
Diam,Shut up
mths,months
alamak,oh dear
Alamak,oh dear
ALAMAK,OH DEAR
suay,unlucky
SUAY,UNLUCKY
Suay,Unlucky
oso,also
siao,crazy
Siao,Crazy
SIAO,CRAZY
lhl,Lee Hsien Loong
LHL,Lee Hsien Loong
Lhl,Lee Hsien Loong
pri,primary
Pri,Primary
chiong,rush
Chiong,Rush
CHIONG,RUSH
bs,bullshit
BS,BULLSHIT
PPE ,Personal Protective Equipment
ppe ,Personal Protective Equipment
qo,Quarantine Order
QO,Quarantine Order
MCO,Movement Control Order
mco,Movement Control Order
mins,minutes
yrs,years
gst,Goods and Services Tax
GST,Goods and Services Tax
smm,Safe Management Measures
SMM,Safe Management Measures
bodoh,stupid
Bodoh,Stupid
BODOH,STUPID
kiasu,scared to lose
Kiasu,scared to lose
tmr,tomorrow
Tmr,Tomorrow
anot,or not
aiyo,sigh
AIYO,SIGH
Aiyo,Sigh
vaxxers,vaccinated
vaxed,vaccinated
vacc,vaccine
nvr,never
peeps,people
luv,love
shag,tired
max,maximum
sch,school
mr,Mr.
MR,Mr.
Mr,Mr.
ndp,National Day Parade
NDP,National Day Parade
Ndp,National Day Parade
PSLE,Primary School Leaving Examination
psle,Primary School Leaving Examination
Psle,Primary School Leaving Examination
SQ,Singapore Airlines
iirc,if I remember correctly
Iirc,if I remember correctly
IIRC,if I remember correctly
kana sai,like shit
btw,by the way
BTW,By the way
bruh ,brothers
everytime,every time
Everytime,every time
EVERYTIME,EVERY TIME
ikr,"I know, right?"
IKR,"I KNOW, RIGHT?"
rollout,roll out
kpi,Key Performance Indicators
KPI,Key Performance Indicators
fb,Facebook
FB,Facebook
dunno,don't know
DUNNO,DON'T KNOW
dr,Doctor
Dr,Doctor
Dr.,Doctor
DR.,Doctor
etc,
etc.,
Etc,
Etc.,
ETC.,
ETC,
kiasi,scared to die
Kiasi,scared to die
KIASI,SCARED TO DIE
isnt,isn't
ffs,for fuck's sake
FFS,FOR FUCK'S SAKE
Ffs,for fuck's sake
thru,through
cna,news agency
CNA,news agency
cuz,because
Cuz,Because
coffeeshop,coffee shop
coffeeshops,coffee shops
kopitiam ,coffee shop
Kopitiam ,coffee shop
HCWs,Healthcare workers
hcws,Healthcare workers
HCW,Healthcare worker
hcw,Healthcare worker
abit,a little
Abit,A little
ABIT,a little
tahan,bear with it
TAHAN,BEAR WITH IT
Tahan,bear with it
simi,What
SIMI,WHAT
Simi,What
haha(ha)+,haha
HAHA(HA)+,HAHA
no+,no
NO+,NO
fking,fucking
FKING,FUCKING
Fking,Fucking
stats,statistics
Stats,Statistics
STATS,STATISTICS
duh,obviously
Duh,obviously
DUH,OBVIOUSLY
goverment,government
Goverment,Government
GOVERMENT,GOVERNMENT
aircon,airconditioning
Aircon,airconditioning
AIRCON,AIRCONDITIONING
vacced,vaccinated
blud,brother
Blud,Brother
pos,piece of shit
fyi,for your information
FYI,for your information
Fyi,for your information
cov,covid
Cov,Covid
COV,covid
congrats,congratulations
Congrats,congratulations
CONGRATS,CONGRATULATIONS
cbd,Central Business District
CBD,Central Business District
Cbd,Central Business District
hve,have
af,as fuck
AF,AS FUCK
welp,cries
Welp,Cries
WELP,CRIES
JC,Junior College
jc,Junior College
Jc,Junior College
alrdy,already
kenna,get
KENNA,GET
saf,Singapore Armed Forces
Saf,Singapore Armed Forces
SAF ,Singapore Armed Forces
ai mai,do you want this or not
AI MAI,DO YOU WANT THIS OR NOT
mai,no
MAI,NO
smlj,what the fuck
SMLJ,WHAT THE FUCK
Smlj ,What the fuck
suka,like
lj,fuck
LJ,FUCK
Lj,Fuck
walao,oh my god
Walao,Oh my god
WALAO,OH MY GOD
kanna,get
KANNA,GET
jiayou,hang in there
Jiayou,Hang in there
JIAYOU+,HANG IN THERE
