author,id,num_comments,title,url,created_sgt,full_link_reddit,full_link_fb
chailoren,n4li0v,923,Singapore to cut social gathering size from 8 to 5 amid rising Covid-19 cases; effective May 8-30,https://www.straitstimes.com/singapore/health/singapore-to-cut-social-gathering-size-from-8-to-5-amid-rising-covid-19-cases,4/5/2021 18:59,https://www.reddit.com/r/singapore/comments/n4li0v/singapore_to_cut_social_gathering_size_from_8_to/,https://www.facebook.com/TheStraitsTimes/posts/10157877541112115
Fawx13x,n4li5g,28,"Cap of 5 people for social gatherings, household visits to return as Singapore tightens COVID-19 measures",https://www.channelnewsasia.com/singapore/cap-of-5-people-social-gatherings-household-visits-covid-19-moh-1344191,4/5/2021 18:59,https://www.reddit.com/r/singapore/comments/n4li5g/cap_of_5_people_for_social_gatherings_household/,https://www.facebook.com/ChannelNewsAsia/posts/10158274255327934
485320,n52529,45,Limit on employees who can return to workplace back at 50%; firms urged to adhere to tighter Covid-19 rules,https://www.straitstimes.com/singapore/limit-on-employees-who-can-return-to-workplace-back-at-50-as-covid-19-measures-are,5/5/2021 8:00,https://www.reddit.com/r/singapore/comments/n52529/limit_on_employees_who_can_return_to_workplace/,https://www.facebook.com/TheStraitsTimes/posts/10157878977002115
hahohehuhi,n61hcv,22,"COVID-19: Indoor sports facilities to close temporarily, outdoor exercise classes to continue with reduced capacity",https://www.channelnewsasia.com/news/singapore/indoor-sports-facilities-close-outdoor-classes-allowed-covid-19-14754552,6/5/2021 15:09,https://www.reddit.com/r/singapore/comments/n61hcv/covid19_indoor_sports_facilities_to_close/,https://www.facebook.com/ChannelNewsAsia/posts/10158278202967934
Fawx13x,nc0vau,11,"Group sizes down from 5 to 2, dining-in suspended as Singapore tightens COVID-19 measures",https://www.channelnewsasia.com/news/singapore/covid-19-phase-2-dining-in-work-from-home-tightened-measures-1365476,14/5/2021 13:06,https://www.reddit.com/r/singapore/comments/nc0vau/group_sizes_down_from_5_to_2_diningin_suspended/,https://www.facebook.com/ChannelNewsAsia/posts/10158295565437934
sexyhades69,nc0veq,2,"Group sizes down from 5 to 2, dining-in suspended as Singapore tightens COVID-19 measures",https://www.channelnewsasia.com/news/singapore/covid-19-phase-2-dining-in-work-from-home-tightened-measures-14808382,14/5/2021 13:07,https://www.reddit.com/r/singapore/comments/nc0veq/group_sizes_down_from_5_to_2_diningin_suspended/,https://www.facebook.com/ChannelNewsAsia/posts/10158295565437934
shady-memes_v13,nc0vwe,1684,"No dining in, social gatherings capped at 2 people from May 16 as S'pore tightens Covid-19 rules",https://www.straitstimes.com/singapore/health/no-dining-in-social-gatherings-capped-at-2-people-from-may-16-as-spore-tightens,14/5/2021 13:08,https://www.reddit.com/r/singapore/comments/nc0vwe/no_dining_in_social_gatherings_capped_at_2_people/,https://www.facebook.com/TheStraitsTimes/posts/10157899793777115
caifanconnoisseur,nc0wni,7,"Only 2 visitors per household per day, no dining-in allowed: Covid-19 rules in S'pore from May 16",https://www.straitstimes.com/singapore/health/only-2-visitors-per-household-per-day-no-dining-in-allowed-covid-19-rules-in-spore,14/5/2021 13:09,https://www.reddit.com/r/singapore/comments/nc0wni/only_2_visitors_per_household_per_day_no_diningin/,https://www.facebook.com/TheStraitsTimes/posts/10157899892712115
Raphiel_Shiraha_Ains,nc0y1s,1,"Group sizes down from 5 to 2, dining-in suspended as Singapore tightens COVID-19 measures - CNA",https://www.channelnewsasia.com/news/singapore/covid-19-phase-2-dining-in-work-from-home-tightened-measures-14808382,14/5/2021 13:11,https://www.reddit.com/r/singapore/comments/nc0y1s/group_sizes_down_from_5_to_2_diningin_suspended/,https://www.facebook.com/ChannelNewsAsia/posts/10158295565437934
SMJLeo,ncctqd,43,"Fixed seating with one-metre spacing for recess, no intermingling, as MOE tightens measures to fight Covid-19",https://www.straitstimes.com/singapore/fixed-seating-with-one-metre-spacing-for-recess-no-intermingling-as-moe-tightens-measures,15/5/2021 0:34,https://www.reddit.com/r/singapore/comments/ncctqd/fixed_seating_with_onemetre_spacing_for_recess_no/,https://www.facebook.com/TheStraitsTimes/posts/10157900823922115
mikelim7,ndfe1i,49,"2-passenger limit for taxis, private-hire cars during tightened COVID-19 restrictions",https://www.channelnewsasia.com/news/singapore/2-passengers-taxis-private-hire-cars-grab-phase-2-covid-19-14820210,16/5/2021 11:24,https://www.reddit.com/r/singapore/comments/ndfe1i/2passenger_limit_for_taxis_privatehire_cars/,https://www.facebook.com/ChannelNewsAsia/posts/10158300015227934
Fawx13x,ndmusi,215,"COVID-19: Primary, secondary schools and JCs to move to full home-based learning from May 19",https://www.channelnewsasia.com/news/singapore/covid-19-home-based-learning-primary-secondary-school-jc-14821222,16/5/2021 20:01,https://www.reddit.com/r/singapore/comments/ndmusi/covid19_primary_secondary_schools_and_jcs_to_move/,https://www.facebook.com/ChannelNewsAsia/posts/10158300676777934
MangoDangoLango,ndmv03,1,"COVID-19: Primary, secondary schools and JCs to move to full home-based learning from May 19",https://www.channelnewsasia.com/news/covid-19-home-based-learning-primary-secondary-school-jc-14821222?cid=FBcna&amp;fbclid=IwAR2tl4G7S3Emfjssaq_Pi2Ofa5zYeb_LQ_6S-hQylTMSMFQS9FYTQFvcIIo,16/5/2021 20:01,https://www.reddit.com/r/singapore/comments/ndmv03/covid19_primary_secondary_schools_and_jcs_to_move/,https://www.facebook.com/ChannelNewsAsia/posts/10158300676777934
ineedmorechoco,ndmuup,5,S'pore schools to start full home-based learning from May 19 amid spike in Covid-19 cases,https://www.straitstimes.com/singapore/parenting-education/spore-schools-to-start-full-home-based-learning-from-may-19-amid-spike,16/5/2021 20:01,https://www.reddit.com/r/singapore/comments/ndmuup/spore_schools_to_start_full_homebased_learning/,https://www.facebook.com/TheStraitsTimes/posts/10157904579472115
MicrotechAnalysis,nf7x2i,22,All in-person private tuition and enrichment for students aged 18 and below to be suspended: MOE,https://www.channelnewsasia.com/news/singapore/in-person-tuition-enrichment-classes-suspended-covid-19-students-14833184,18/5/2021 19:11,https://www.reddit.com/r/singapore/comments/nf7x2i/all_inperson_private_tuition_and_enrichment_for/,https://www.facebook.com/ChannelNewsAsia/posts/10158304639667934
Fawx13x,o102bk,6,COVID-19 task force 'evaluating' timing and scope of reopening amid fresh outbreak: Lawrence Wong,https://www.channelnewsasia.com/news/singapore/covid-19-task-force-evaluating-the-timing-and-scope-reopening-15025980,16/6/2021 16:30,https://www.reddit.com/r/singapore/comments/o102bk/covid19_task_force_evaluating_timing_and_scope_of/,https://www.facebook.com/ChannelNewsAsia/posts/10158367144152934
Kopi0Kosong,o104h0,1600,COVID-19 task force 'evaluating' timing and scope of reopening amid fresh outbreak: Lawrence Wong,https://www.channelnewsasia.com/news/singapore/covid-19-task-force-evaluating-the-timing-and-scope-reopening-15025980?1,16/6/2021 16:35,https://www.reddit.com/r/singapore/comments/o104h0/covid19_task_force_evaluating_timing_and_scope_of/,https://www.facebook.com/ChannelNewsAsia/posts/10158367144152934
sull23,o11sf4,8,COVID-19 task force 'evaluating' timing and scope of reopening amid fresh outbreak: Lawrence Wong,https://www.channelnewsasia.com/news/singapore/covid-19-task-force-evaluating-the-timing-and-scope-reopening-15025980?cid=FBcna&amp;fbclid=IwAR11Yxg0kKop1qNp3Ue4CUdhbH6P1fHcQ0gA0Gloa7DzvUFwRh5Mp3WDwIM,16/6/2021 18:33,https://www.reddit.com/r/singapore/comments/o11sf4/covid19_task_force_evaluating_timing_and_scope_of/,https://www.facebook.com/ChannelNewsAsia/posts/10158367144152934
hun486,oldoyg,70,COVID-19: Dining-in group size back to 2; groups of 5 only if all fully vaccinated,https://www.channelnewsasia.com/news/singapore/covid-19-how-many-can-dine-in-vaccinated-groups-of-5-2-15232846,16/7/2021 17:50,https://www.reddit.com/r/singapore/comments/oldoyg/covid19_diningin_group_size_back_to_2_groups_of_5/,https://www.facebook.com/ChannelNewsAsia/posts/10158423307637934
zimzalablm,oldqa5,3,"S'pore tightens Covid-19 rules as KTV cluster grows, pivoted night spots to suspend operations",https://www.straitstimes.com/singapore/health/covid-19-measures-to-be-tightened-over-ktv-cluster-differentiated-approach-for,16/7/2021 17:53,https://www.reddit.com/r/singapore/comments/oldqa5/spore_tightens_covid19_rules_as_ktv_cluster_grows/,https://www.facebook.com/TheStraitsTimes/posts/10158023125857115
zimzalablm,oldqwa,49,"Dine-in group size cut to 2 from July 19 as S'pore tightens Covid-19 rules; but up to 5 allowed at some F&B outlets, including fully vaccinated",https://www.straitstimes.com/singapore/health/dine-in-group-size-cut-to-2-from-july-19-as-spore-tightens-covid-19-rules-but-up-to,16/7/2021 17:55,https://www.reddit.com/r/singapore/comments/oldqwa/dinein_group_size_cut_to_2_from_july_19_as_spore/,https://www.facebook.com/TheStraitsTimes/posts/10158023136557115
Exofanjongdae,oldr80,360,S'pore cuts dining-in cap to 2 as Covid-19 KTV cluster grows; up to 5 at some F&B outlets if fully vaccinated,https://www.straitstimes.com/singapore/health/dine-in-group-size-cut-to-2-from-july-19-as-spore-tightens-covid-19-rules-but-up-to,16/7/2021 17:55,https://www.reddit.com/r/singapore/comments/oldr80/spore_cuts_diningin_cap_to_2_as_covid19_ktv/,https://www.facebook.com/TheStraitsTimes/posts/10158023136557115
sgsriram,onx8xr,1839,"No dining in, social group sizes cut to 2 from July 22 as S'pore returns to phase 2",https://www.straitstimes.com/singapore/no-dining-in-social-group-sizes-cut-to-2-from-july-22-as-spore-returns-to-phase-2,20/7/2021 15:26,https://www.reddit.com/r/singapore/comments/onx8xr/no_dining_in_social_group_sizes_cut_to_2_from/,https://www.facebook.com/TheStraitsTimes/posts/10158030653082115
biscuitspoons,oxn4p7,39,Visits to all hospital wards to cease for 2 weeks amid rise in COVID-19 community cases: MOH,https://www.channelnewsasia.com/news/singapore/visits-to-all-hospital-wards-to-cease-for-2-weeks-amid-rise-in-15378914,4/8/2021 15:04,https://www.reddit.com/r/singapore/comments/oxn4p7/visits_to_all_hospital_wards_to_cease_for_2_weeks/,https://www.facebook.com/ChannelNewsAsia/posts/10158457835047934
Red-Lobsters,ph2utq,147,"S'pore to maintain current Covid-19 measures, will rely on vaccination and testing to move ahead",https://www.straitstimes.com/singapore/health/spore-to-maintain-current-covid-19-measures-will-rely-on-vaccination-and-testing-to,3/9/2021 18:56,https://www.reddit.com/r/singapore/comments/ph2utq/spore_to_maintain_current_covid19_measures_will/,https://www.facebook.com/TheStraitsTimes/posts/10158110812602115
Shirvo,ph2xt2,573,No easing of restrictions for now amid spike in COVID-19 cases: Lawrence Wong,https://www.channelnewsasia.com/singapore/covid-19-no-easing-restrictions-lawrence-wong-2154951,3/9/2021 19:02,https://www.reddit.com/r/singapore/comments/ph2xt2/no_easing_of_restrictions_for_now_amid_spike_in/,https://www.facebook.com/ChannelNewsAsia/posts/10158509010257934
PublicSummer0,pmou64,23,"MOH suspends in-person visits to residential care homes from Monday as COVID-19 cases rise among residents, employees",https://www.channelnewsasia.com/singapore/covid-19-old-age-homes-visits-suspended-2172411,12/9/2021 16:18,https://www.reddit.com/r/singapore/comments/pmou64/moh_suspends_inperson_visits_to_residential_care/,https://www.facebook.com/ChannelNewsAsia/posts/10158522859952934
hydrangeapurple,pqhokh,2,Home-based learning for Pri 1 to 5 students amid rise in COVID-19 cases: MOE,https://www.channelnewsasia.com/singapore/home-based-learning-pri-1-5-students-amid-rise-covid-19-cases-moe-2186721,18/9/2021 15:04,https://www.reddit.com/r/singapore/comments/pqhokh/homebased_learning_for_pri_1_to_5_students_amid/,https://www.facebook.com/ChannelNewsAsia/posts/10158532152462934
ThenCheesecake,pt3yxt,42,"No visitors to hospital wards allowed from Sept 24 to Oct 23, amid surge in Covid-19 cases",https://www.straitstimes.com/singapore/health/no-visitors-to-hospital-wards-allowed-from-sept-24-to-oct-23-amid-surge-in-covid-19,22/9/2021 17:39,https://www.reddit.com/r/singapore/comments/pt3yxt/no_visitors_to_hospital_wards_allowed_from_sept/,https://www.facebook.com/TheStraitsTimes/posts/10158141394567115
chailoren,puh01k,1168,COVID-19: Dining-in group size limit at regular F&B outlets down to 2; social gatherings reduced,https://www.channelnewsasia.com/singapore/covid-19-dining-group-size-two-social-gatherings-reduced-moh-2199456,24/9/2021 18:32,https://www.reddit.com/r/singapore/comments/puh01k/covid19_diningin_group_size_limit_at_regular_fb/,https://www.facebook.com/ChannelNewsAsia/posts/10158542015252934
Red-Lobsters,puh0ez,108,Work-from-home to be default from Monday as COVID-19 workplace measures tightened,https://www.channelnewsasia.com/singapore/work-home-default-covid-19-workplace-measures-2199566,24/9/2021 18:33,https://www.reddit.com/r/singapore/comments/puh0ez/workfromhome_to_be_default_from_monday_as_covid19/,https://www.facebook.com/ChannelNewsAsia/posts/10158542018962934
ubunturd,pyfbzk,72,S'pore unis move classes online to reduce spread of Covid-19 as cases continue to rise,https://www.straitstimes.com/singapore/parenting-education/spore-unis-move-classes-online-to-reduce-spread-of-covid-19-as-cases,30/9/2021 16:11,https://www.reddit.com/r/singapore/comments/pyfbzk/spore_unis_move_classes_online_to_reduce_spread/,https://www.facebook.com/TheStraitsTimes/posts/10158154314997115
chailoren,qbyerz,1236,Stabilisation Phase extended to Nov 21; more time needed to stabilise COVID-19 situation: MOH,https://www.channelnewsasia.com/singapore/stabilisation-phase-restrictions-extended-nov-21-dining-social-gatherings-2256766,20/10/2021 19:12,https://www.reddit.com/r/singapore/comments/qbyerz/stabilisation_phase_extended_to_nov_21_more_time/,https://www.facebook.com/ChannelNewsAsia/posts/10158582288427934
ArchonUniverse,qbyfn4,11,"Singapore's Covid-19 measures to be extended till Nov 21,to be reviewed at 2-week mark",https://www.straitstimes.com/singapore/health/singapores-covid-19-measures-to-be-extended-till-nov-21-to-be-reviewed-at-2-week,20/10/2021 19:14,https://www.reddit.com/r/singapore/comments/qbyfn4/singapores_covid19_measures_to_be_extended_till/,https://www.facebook.com/TheStraitsTimes/posts/10158186209047115
